{
  "id": "q253",
  "mainTag": "MSTE - Algebra",
  "subTag": "Geometric Progression",
  "situation": "Very few people are aware of the growth pattern of Jack's beanstalk. On the first day, it increased its height by 1/2, on the second day by 1/3, and the third day by 1/4, and so on. How long did it take to achieve its maximum height (100 times its original height)?",
  "subquestions": [
    {
      "question": "Answer:",
      "choices": [
        "198 days",
        "99 days",
        "100 days",
        "200 days"
      ],
      "correctAnswer": "198 days"
    }
  ]
}