{
  "id": "q265",
  "mainTag": "MSTE - Geometry and Trigonometry",
  "subTag": "Theorems on Triangles and Circles",
  "situation": "The Ben Azouli are camped at an oasis 45 miles west of Taqaba. They decide to dynamite the Trans – Hadramaut railroad joining Taqaba to Maqaba, 60 miles north of the oasis. If the Azouli can cover 18 miles a day, how long will it take them to reach the railroad?",
  "subquestions": [
    {
      "question": "Answer:",
      "choices": [
        "36 miles, requiring a two-day trip",
        "18 miles, requiring a two-day trip",
        "18 miles, requiring a one-day trip",
        "36 miles, requiring a one-day trip"
      ],
      "correctAnswer": "36 miles, requiring a two-day trip"
    }
  ]
}