{
  "id": "q273",
  "mainTag": "MSTE - Algebra",
  "subTag": "Money and Investment Problems",
  "situation": "Value – added tax, VAT is a tax charged on goods and services in European countries. Many European countries offer refunds of some VAT to non – resident based businesses. VAT is included in a price that is quoted. That is, if an item is marked as costing 10, that price includes the VAT. Suppose an American company has operations in The Netherlands, where the VAT is 17.5%. Write a function for the VAT amount paid v(p) if p represents the price including the VAT. ",
  "subquestions": [
    {
      "question": "Answer:",
      "choices": [
        "7p/47",
        "40p/47",
        "47p/40",
        "7p/40"
      ],
      "correctAnswer": "7p/47"
    }
  ]
}