{
  "id": "q274",
  "mainTag": "MSTE - Algebra",
  "subTag": "Worded Problems",
  "situation": "A certain power plant consumes 1500 tons of coal in 4.0 weeks. There is a stockpile of 10,000 tons of coal available when the plant starts operating. After 3.0 weeks in operation, an additional boiler, capable of using 2300 tons in 3.0 weeks, is put on line with the first boiler. In how many more weeks will the stockpile of coal be consumed?",
  "subquestions": [
    {
      "question": "Answer:",
      "choices": [
        "7.8 weeks",
        "5.5 weeks",
        "10.8 weeks",
        "12.3 weeks"
      ],
      "correctAnswer": "7.8 weeks"
    }
  ]
}