{
  "id": "f10",
  "mainTag": "PSAD - Reinforced Concrete",
  "subTag": "Analysis and Design of Slabs",
  "situation": "A 150mm thick slab has the following specifications:<br>f'c=27.5MPa<br>Clear concrete cover = 20mm<br>fy = 275MPa for 12mm⌀ and 10mm⌀ bars<br>fy = 413MPa for 16mm⌀ bars",
  "subquestions": [
    {
      "question": "Determine the ultimate flexural strength (in kN-m) of the slab if it is reinforced with 10mm⌀ bars spaced at 125mm center to center.",
      "choices": [
        "19",
        "15",
        "17",
        "21"
      ],
      "correctAnswer": "19"
    },
    {
      "question": "Determine the ultimate flexural strength (in kN-m) of the slab if it is reinforced with 16mm⌀ bars spaced at 200mm center to center.",
      "choices": [
        "42.30",
        "32.90",
        "28.40",
        "36.80"
      ],
      "correctAnswer": "42.30"
    },
    {
      "question": "If 10mm⌀ bars are replaced with 12mm diameter bars, what is the spacing (in mm) of the 12-mm diameter bars?",
      "choices": [
        "175",
        "185",
        "165",
        "190"
      ],
      "correctAnswer": "175"
    }
  ]
}