{
  "id": "f16",
  "mainTag": "PSAD - Steel Design",
  "subTag": "Compression Members",
  "situation": "A vertical column has two moments of inertia (i.e. I<sub>x</sub> and I<sub>y</sub>.",
  "subquestions": [
    {
      "question": "The column will tend to buckle in the direction of the...",
      "choices": [
        "minimum moment of inertia",
        "axis of load",
        "maximum moment of inertia",
        "perpendicular to the axis of load"
      ],
      "correctAnswer": "minimum moment of inertia"
    }
  ]
}