{
  "id": "f2",
  "mainTag": "PSAD - Structural Theory",
  "subTag": "Indeterminate Beams",
  "situation": "A 4m beam is simply supported  at each end and carries a uniform load W = 45kN/m throughout its span. <br>Beam Properties:<br>E=25GPa<br>I=337.5x10<sup>6</sup>mm<sup>4</sup>",
  "subquestions": [
    {
      "question": "Which of the following gives the maximum shear of the beam?",
      "choices": [
        "90",
        "33.75",
        "60",
        "65.39"
      ],
      "correctAnswer": "90"
    },
    {
      "question": "Which of the following gives the maximum moment of the beam?",
      "choices": [
        "90",
        "22.5",
        "40.78",
        "37.43"
      ],
      "correctAnswer": "90"
    },
    {
      "question": "To prevent excessive deflection, an additional support is provided at midspan. Which of the following gives the reaction at the additional support?",
      "choices": [
        "112.5",
        "0",
        "60",
        "90"
      ],
      "correctAnswer": "112.5"
    }
  ]
}