{
  "id": "f26",
  "mainTag": "PSAD - Mechanics of Deformable Bodies",
  "subTag": "Shear and Moment",
  "situation": "For the beam shown, if w = 30kN/m",
  "subquestions": [
    {
      "question": "Which of the ff. most nearly gives the the maximum shear(KN) of the beam?",
      "choices": [
        "112.5",
        "117.5",
        "121.5",
        "87.5"
      ],
      "correctAnswer": "112.5"
    },
    {
      "question": "Which of the ff. most nearly gives the moment at the right support in\nKN-m?",
      "choices": [
        "41.67",
        "0",
        "52.25",
        "33.67"
      ],
      "correctAnswer": "41.67"
    },
    {
      "question": "Which of the ff. most nearly gives the maximum moment (kN-m) of the\nbeam?",
      "choices": [
        "233",
        "262",
        "223",
        "266"
      ],
      "correctAnswer": "233"
    }
  ]
}