{
  "id": "f28",
  "mainTag": "PSAD - Steel Design",
  "subTag": "Plastic Analysis",
  "situation": "A 10-meter propped beam is loaded with 2P at 6 meters from the propped end. If the beam is made of a 200-mm circular steel section with Fy = 250MPa, compute the value of P in kN. Use plastic analysis.",
  "subquestions": [
    {
      "question": "Answer:",
      "choices": [
        "104kN-m",
        "112kN-m",
        "128kN-m",
        "94kN-m"
      ],
      "correctAnswer": "104kN-m"
    }
  ]
}