{
  "id": "q428",
  "mainTag": "MSTE - Differential Calculus",
  "subTag": "Maxima Minima",
  "situation": "An island is 2 mi due north of its closest point along a straight shoreline. A visitor is staying at a cabin on the shore that is 6mi west of that point. The visitor is planning to go from the cabin to the island. Suppose the visitor runs at a rate of 8mph and swims at a rate of 3mph. How far should the visitor run before swimming to minimize the time it takes to reach the island?",
  "resources": {
    "youtube": "https://www.youtube.com/@engrclidez",
    "facebook": "https://www.facebook.com/profile.php?id=61553684431570",
    "website": "https://ceboardexamgenerator.com"
  },
  "subquestions": [
    {
      "question": "Answer:",
      "choices": [
        "5.19mi",
        "1.39mi",
        "4.78mi",
        "6.81mi"
      ],
      "correctAnswer": "5.19mi"
    }
  ]
}