{
  "id": "q429",
  "mainTag": "MSTE - Differential Calculus",
  "subTag": "Maxima Minima",
  "situation": "If f(x) = 3x<sup>2</sup>-2x+1, find the value of x for which f'(x)=0.",
  "resources": {
    "youtube": "https://www.youtube.com/@engrclidez",
    "facebook": "https://www.facebook.com/profile.php?id=61553684431570",
    "website": "https://ceboardexamgenerator.com"
  },
  "subquestions": [
    {
      "question": "Answer:",
      "choices": [
        "1/3",
        "2/3",
        "-1/3",
        "1"
      ],
      "correctAnswer": "1/3"
    }
  ]
}