{
  "id": "q436",
  "mainTag": "MSTE - Differential Calculus",
  "subTag": "Implicit Differentiation",
  "situation": "Find dy/dx'(x<sup>2</sup>-4y<sup>2</sup>=4.",
  "resources": {
    "youtube": "https://www.youtube.com/@engrclidez",
    "facebook": "https://www.facebook.com/profile.php?id=61553684431570",
    "website": "https://ceboardexamgenerator.com"
  },
  "subquestions": [
    {
      "question": "Answer:",
      "choices": [
        "x/4y",
        "-x/4y",
        "4y/x",
        "-4x/y"
      ],
      "correctAnswer": "x/4y"
    }
  ]
}