{
  "id": "q437",
  "mainTag": "MSTE - Differential Calculus",
  "subTag": "Radius of Curvature",
  "situation": "Find the radius of curvature of the curve y=x<sup>4</sup>-x<sup>2</sup> at point (0,0).",
  "resources": {
    "youtube": "https://www.youtube.com/@engrclidez",
    "facebook": "https://www.facebook.com/profile.php?id=61553684431570",
    "website": "https://ceboardexamgenerator.com"
  },
  "subquestions": [
    {
      "question": "Answer:",
      "choices": [
        "1/2",
        "1/3",
        "1/4",
        "3/4"
      ],
      "correctAnswer": "1/2"
    }
  ]
}