{
  "id": "q383",
  "mainTag": "MSTE - Algebra",
  "subTag": "Arithmetic Progression",
  "situation": "A tree grows in a peculiar way. On the first day, it grew by 1/2 of its original height. On the second day, it grew by 1/3. On the third day, it grew by 1/4, and so on. How long did it take to achieve 50 times its original height?",
  "resources": {
    "youtube": "https://www.youtube.com/@engrclidez",
    "facebook": "https://www.facebook.com/profile.php?id=61553684431570",
    "website": "https://ceboardexamgenerator.com"
  },
  "subquestions": [
    {
      "question": "Answer:",
      "choices": [
        "98 days",
        "99 days",
        "100 days",
        "97 days"
      ],
      "correctAnswer": "98 days"
    }
  ]
}