{
  "id": "q391",
  "mainTag": "MSTE - Algebra",
  "subTag": "Remainder and Factor Theorem",
  "situation": "When x<sup>3</sup>+kx<sup>2</sup>-4x+2 is divided by x+2, the remainder is 26. What is the value of k?",
  "resources": {
    "youtube": "https://www.youtube.com/@engrclidez",
    "facebook": "https://www.facebook.com/profile.php?id=61553684431570",
    "website": "https://ceboardexamgenerator.com"
  },
  "subquestions": [
    {
      "question": "Answer:",
      "choices": [
        "6",
        "4",
        "2",
        "3"
      ],
      "correctAnswer": "6"
    }
  ]
}