{
  "id": "q2",
  "mainTag": "PSAD - Statics",
  "subTag": "Equilibrium of Nonconcurrent Force Systems",
  "situation": "A boom supports a 100N load. If the tension in the cable is 200N,",
  "subquestions": [
    {
      "question": "Determine the angle α (in degrees)",
      "choices": [
        "21.47",
        "20.92",
        "23.45",
        "19.87"
      ],
      "correctAnswer": "21.47"
    },
    {
      "question": "Determine the angle θ (in degrees)",
      "choices": [
        "42.94",
        "41.84",
        "46.9",
        "39.74"
      ],
      "correctAnswer": "42.94"
    },
    {
      "question": "Determine the force in the boom in Newtons.",
      "choices": [
        "254.26 (C)",
        "254.26 (T)",
        "264.52 (C)",
        "264.52 (T)"
      ],
      "correctAnswer": "254.26 (C)"
    }
  ]
}