{
  "id": "q108",
  "mainTag": "MSTE - Algebra",
  "subTag": "Mixture Problems",
  "situation": "A chemist has 300 grams of 20% acid solution. He wishes to drain some off and replace it with an 80% solution so as to obtain a 25% solution. How many grams must he drain and replace with 80% solution?",
  "subquestions": [
    {
      "question": "Answer:",
      "choices": [
        "25 grams",
        "20 grams",
        "30 grams",
        "35 grams"
      ],
      "correctAnswer": "25 grams"
    }
  ]
}