{
  "id": "q113",
  "mainTag": "MSTE - Algebra",
  "subTag": "Work Problems",
  "situation": "A father and his son can dig a well if the father works 6 hours and his son works 12 hours, or they can do it if the father works 9 hours and the son works 8 hours. How long will it take for the son to dig the well alone?",
  "subquestions": [
    {
      "question": "Answer:",
      "choices": [
        "20 hours",
        "15 hours",
        "10 hours",
        "25 hours"
      ],
      "correctAnswer": "20 hours"
    }
  ]
}