{
  "id": "q120",
  "mainTag": "MSTE - Algebra",
  "subTag": "Clock Problems",
  "situation": "A man left his home at past 3:00 o'clock PM as indicated in his wall clock. Between two to three hours after, he returned home and noticed that the hands of the clock interchanged. At what time did he leave his home?",
  "subquestions": [
    {
      "question": "Answer:",
      "choices": [
        "3:31.47",
        "3:22.22",
        "3:44.44",
        "3:27.27"
      ],
      "correctAnswer": "3:31.47"
    }
  ]
}