{
  "id": "q83",
  "mainTag": "MSTE - Algebra",
  "subTag": "Plane Geometry",
  "situation": "A vertical pole 40 feet tall stands on a hillside that makes an angle of 17° with the horizontal. Approximate the minimal length of cable that will reach from the top of the pole to a point 72 feet downhill from the base of the pole.",
  "subquestions": [
    {
      "question": "Answer:",
      "choices": [
        "92ft",
        "29ft",
        "56ft",
        "65ft"
      ],
      "correctAnswer": "92ft"
    }
  ]
}