{
  "id": "q93",
  "mainTag": "MSTE - Geometry & Trigonometry",
  "subTag": "Plane Geometry",
  "situation": "Domingo decides to ride a Ferris wheel at the local carnival. When he gets into the seat that is at the bottom of the Ferris wheel, he is 4 feet above the ground. If the radius of the Ferris wheel is 30 feet, how far above the ground is Domingo after the Ferris wheel rotates 300° counterclockwise?",
  "subquestions": [
    {
      "question": "Answer:",
      "choices": [
        "19ft",
        "22ft",
        "45ft",
        "60ft"
      ],
      "correctAnswer": "19ft"
    }
  ]
}