{
  "id": "q95",
  "mainTag": "MSTE - Algebra",
  "subTag": "Polynomials",
  "situation": "Two engineering students are solving a problem leading to a quadratic equation. One student made a mistake in the coefficient of the first-degree term, obtained roots of 2 and -3. The other student made a mistake in the coefficient of the constant term, obtaining roots of -1 and 4. What is the correct equation?",
  "subquestions": [
    {
      "question": "Answer:",
      "choices": [
        "x<sup>2</sup>-3x-6=0",
        "x<sup>2</sup>+3x-6=0",
        "x<sup>2</sup>-3x+6=0",
        "x<sup>2</sup>+3x+6=0"
      ],
      "correctAnswer": "x<sup>2</sup>-3x-6=0"
    }
  ]
}