{
  "id": "q31",
  "mainTag": "PSAD - Reinforced Concrete",
  "subTag": "Footings",
  "situation": "A continuous wall is founded on three rows of piles spaced a=1.5m apart. The longitudinal pile spacing is b=1.8m in the front and center rows and c=2.7m in the rear row. The resultant of vertical loads on the wall is P=750kN per linear meter and the resultant moment is M=225kN-m per linear meter.",
  "subquestions": [
    {
      "question": "What is the load in each pile along row 1 in kN?",
      "choices": [
        "561",
        "632",
        "561",
        "498"
      ],
      "correctAnswer": "561"
    },
    {
      "question": "What is the load in each pile along row 2 in kN?",
      "choices": [
        "498",
        "632",
        "561",
        "436"
      ],
      "correctAnswer": "498"
    },
    {
      "question": "What is the load in each pile along row 3 in kN?",
      "choices": [
        "436",
        "561",
        "632",
        "498"
      ],
      "correctAnswer": "436"
    }
  ]
}