{
  "id": "q32",
  "mainTag": "PSAD - Statics",
  "subTag": "Equilibrium of Rigid Bodies",
  "situation": "CE Board Nov 2011 and April 2025<br>A load W=30kN is lifted by a boom BCD making an angle, α=60º from the vertical axis as shown. Neglect the weight of the boom.",
  "subquestions": [
    {
      "question": "Determine the angle β between the cables AC and AD, in degrees. Note: Point C is midway points B and D.",
      "choices": [
        "30",
        "35",
        "25",
        "20"
      ],
      "correctAnswer": "30"
    },
    {
      "question": "Compute the tension in cable AC, in kN.",
      "choices": [
        "25.36",
        "43.92",
        "25.98",
        "34.92"
      ],
      "correctAnswer": "25.36"
    },
    {
      "question": "Determine the reaction at B in kN.",
      "choices": [
        "54.77",
        "51.96",
        "58.09",
        "53.49"
      ],
      "correctAnswer": "54.77"
    }
  ]
}