{
  "id": "q33",
  "mainTag": "PSAD - Reinforced Concrete",
  "subTag": "Prestressed Reinforced Concrete",
  "situation": "CE Board November 2024<br>The section shown is subjected to prestressing, with the cable following a linear profile to ensure structural stability. The joist is simply supported on a span of 12m.<br>Given:<br>Eccentricity at the supports = 60mm above N.A.<br>Eccentricity at the midspan = 280mm below N.A.<br><br>Section Properties:<br>Area, A=2.25x10<sup>5</sup>mm<sup>2</sup><br>Moment of Inertia, I<sub>NA</sub>=5x10<sup>9</sup>mm<sup>4</sup><br>Unit weight of concrete=24kN/m<sup>4</sup><br>Superimposed Dead Load=3.5kN/m<br><br>Dimensions:<br>h=520mm, t=75mm<br>yt=165mm, a=150mm, b=75mm<br>Final Prestressing Force, P=650kN\n",
  "subquestions": [
    {
      "question": "Compute the stress at the top fiber (in MPa) near the support due to prestress alone.",
      "choices": [
        "4.17 (C)",
        "4.17 (T)",
        "2.88 (C)",
        "2.88 (T)"
      ],
      "correctAnswer": "4.17 (C)"
    },
    {
      "question": "Compute the stress at the bottom fiber (in MPa) at L/4 due to prestress alone.",
      "choices": [
        "7.95 (C)",
        "7.95 (T)",
        "2.18 (C)",
        "2.18 (T)"
      ],
      "correctAnswer": "7.95 (C)"
    },
    {
      "question": "What is the maximum final prestressing force (kN) due to dead load and prestress that will not produce tensile stress at the midspan?",
      "choices": [
        "468",
        "1421",
        "1241",
        "738"
      ],
      "correctAnswer": "468"
    }
  ]
}