{
  "id": "q42",
  "mainTag": "PSAD - Reinforced Concrete",
  "subTag": "Cracking Moment",
  "situation": "Precast joists with typical section as shown are cast using a concrete strength, f'c=27.5MPa. THe resulting tensile strength, f<sub>t</sub>=2.75MPa. The joists are to be simply supported on a span of 6m. Unit weight of concrete = 23.5kN/m<sup>3</sup><br>GIven data:<br>a=200mm<br>b=500mm<br>c=150mm<br>d=200mm",
  "subquestions": [
    {
      "question": "Determine the cracking moment in kN-m.",
      "choices": [
        "44.09",
        "47.08",
        "43.67",
        "49.32"
      ],
      "correctAnswer": "44.09"
    },
    {
      "question": "How much uniform load can the joist safely carry (not including its own weight) if the cracking moment in the beam is 40kN-m?",
      "choices": [
        "4.6",
        "5.8",
        "3.2",
        "6.3"
      ],
      "correctAnswer": "4.6"
    },
    {
      "question": "If the joists are reinforced with 3-25mm⌀ bars with their centroid located at 435mm from the top, determine the cracking moment (kN-m) use modular ratio, n=8.",
      "choices": [
        "48.3",
        "49.6",
        "47.5",
        "50.2"
      ],
      "correctAnswer": "48.3"
    }
  ]
}