{
  "id": "q45",
  "mainTag": "PSAD - Reinforced Concrete",
  "subTag": "Shear in Beams",
  "situation": "CE Board Nov. 2021<br>A continuous beam is reinforced as shown:<br>Given:<br>As=8-20mm⌀ bars<br>As'=4-20mm⌀ bars<br>d<sub>s</sub>=10mm<br>a=45mm<br>f'c=34MPa<br>Longitudinal steel, fyl=413MPa<br>Transverse ties, fyv=275MPa<br>Clear concrete cover=40mm<br>b=350mm<br>h<sub>1</sub>=100mm<br>h<sub>2</sub>=400mm.",
  "subquestions": [
    {
      "question": "Calculate the shear strength (kN) provided by the concrete.",
      "choices": [
        "144.85",
        "146.78",
        "134.88",
        "139.26"
      ],
      "correctAnswer": "144.85"
    },
    {
      "question": "The 10mm diameter ties are spaced at 100mm on centers. What is the shear strength provided by the shear reinforcement?",
      "choices": [
        "180.35",
        "160.27",
        "176.34",
        "150.89"
      ],
      "correctAnswer": "180.35"
    },
    {
      "question": "What is the maximum allowable tie spacing?",
      "choices": [
        "340",
        "345",
        "350",
        "355"
      ],
      "correctAnswer": "340"
    }
  ]
}