{
  "id": "q46",
  "mainTag": "PSAD - Reinforced Concrete",
  "subTag": "Spiral Columns",
  "situation": "A spiral column carries a gravity factored axial dead load of 1200kN and factored axial lived load of 2100kN. The column is of average height and it will be assumed that there is no reduction in strength due to the effects of slenderness. Use approximately 1.5% reinforcement. Using f'c=27.6MPa and fy=415MPa,",
  "subquestions": [
    {
      "question": "Determine the required diameter of the spiral column.",
      "choices": [
        "450",
        "400",
        "420",
        "430"
      ],
      "correctAnswer": "450"
    },
    {
      "question": "Determine the number of 28-mm diameter bar longitudinal bars.",
      "choices": [
        "6",
        "7",
        "8",
        "5"
      ],
      "correctAnswer": "6"
    },
    {
      "question": "Determine the practical center to center spacing of 10-mm diameter spiral reinforcement.",
      "choices": [
        "50",
        "40",
        "60",
        "70"
      ],
      "correctAnswer": "50"
    }
  ]
}