{
  "id": "q48",
  "mainTag": "PSAD - Steel Design",
  "subTag": "Staggered Bolted Connections",
  "situation": "A plate having a width of 400mm and thickness of 12mm is to be connected with another plate by 34-mm⌀ bolts as shown. Given the following:<br>s<sub>1</sub>=100mm<br>s<sub>2</sub>=60mm<br>s<sub>3</sub>=150mm<br>Fy=248MPa<br>Fu=400MPa<br>Bolt hole diameter = 36mm<br>Strength reduction factor:<br>For gross area yielding, ϕ=0.9<br>For net area rupture, ϕ=0.75",
  "subquestions": [
    {
      "question": "Determine the value of b, in mm, so that the net width along bolts 1-2-3-4 is equal to the net width along bolts 1-2-4.",
      "choices": [
        "19.71",
        "18.43",
        "20.52",
        "21.64"
      ],
      "correctAnswer": "19.71"
    },
    {
      "question": "Determine the ultimate load P, in kN, based on the rupture of the net area.",
      "choices": [
        "1160",
        "1260",
        "1680",
        "1547"
      ],
      "correctAnswer": "1160"
    },
    {
      "question": "Determine the ultimate load P, in kN, that can be safely applied to the plate.",
      "choices": [
        "1071.36",
        "1190.4",
        "1428.48",
        "1285.63"
      ],
      "correctAnswer": "1071.36"
    }
  ]
}