{
  "id": "q49",
  "mainTag": "PSAD - Steel Design",
  "subTag": "Welded Connections",
  "situation": "The diagonal member, a single angle 76mmx76mmx6mm with an area of 929mm<sup>2</sup> is welded to an 8-mm thick gusset plate. The weld electrode used is E60. Assume load P is acting on the centroid of the weld group.<br>Given weld lengths:<br>L<sub>1</sub>=125mm<br>L<sub>2</sub>=65mm<br>Steel strength and stress are as follows:<br>Fy=248MPa<br>Fu=400MPa<br>Gross area yielding, F<sub>t</sub>=0.6Fy<br>Net area rupture, F<sub>t</sub>=0.5Fu<br>On effective area of weld in shear, Fv=0.3F<sub>uw</sub>",
  "subquestions": [
    {
      "question": "Based on the effective net area of the diagonal, calculate the allowable tensile load in kN. Use strength reduction coefficient of 85%.",
      "choices": [
        "157.93",
        "185.8",
        "138.24",
        "162.64"
      ],
      "correctAnswer": "157.93"
    },
    {
      "question": "Based on the strength of the fillet welds, calculate the allowable tensile load in kN. Take the weld thickness as 5mm.",
      "choices": [
        "116.79",
        "185.8",
        "304",
        "296.83"
      ],
      "correctAnswer": "116.79"
    },
    {
      "question": "Given the following properties of L76x76x6:<br>DIstance from the outermost part of the angle leg to the centroid of the angle bar, <span style=\"text-decoration: overline;\">x</span>=22mm<br>Shear lag factor, U=1-<span style=\"text-decoration: overline;\">x</span>/ℓ",
      "choices": [
        "0.768",
        "0.884",
        "0.93",
        "0.86"
      ],
      "correctAnswer": "0.768"
    }
  ]
}