{
  "id": "q369",
  "mainTag": "HGE - Hydraulics",
  "subTag": "Relative Equilibrium of Fluids",
  "situation": "An open rectangular tank mounted on a moving vehicle 6m long, 2m wide and 3m high is filled with water to a depth of 2.5 m.",
  "resources": {
    "youtube": "https://www.youtube.com/@engrclidez",
    "facebook": "https://www.facebook.com/profile.php?id=61553684431570",
    "website": "https://ceboardexamgenerator.com"
  },
  "subquestions": [
    {
      "question": "What is the maximum horizontal acceleration in m/sec<sup>2</sup> that can be imposed on the tank without spilling any water?",
      "choices": [
        "1.64",
        "1.46",
        "1.38",
        "1.83"
      ],
      "correctAnswer": "1.64"
    },
    {
      "question": "Determine the accelerating force on the liquid mass.",
      "choices": [
        "49.2",
        "49.6",
        "48.4",
        "48.7"
      ],
      "correctAnswer": "49.2"
    },
    {
      "question": "If the acceleration is increased to 6m/sec<sup>2</sup>, how much water is spilled out?",
      "choices": [
        "15.3",
        "16.2",
        "14.8",
        "13.6"
      ],
      "correctAnswer": "15.3"
    }
  ]
}