{
  "id": "q399",
  "mainTag": "MSTE - Analytic Geometry",
  "subTag": "Equations of Lines",
  "situation": "Find the slope of the line 3x-2y+3=0",
  "resources": {
    "youtube": "https://www.youtube.com/@engrclidez",
    "facebook": "https://www.facebook.com/profile.php?id=61553684431570",
    "website": "https://ceboardexamgenerator.com"
  },
  "subquestions": [
    {
      "question": "Answer:",
      "choices": [
        "3/2",
        "2/3",
        "-3/2",
        "-2/3"
      ],
      "correctAnswer": "3/2"
    }
  ]
}