{
  "id": "q400",
  "mainTag": "MSTE - Analytic Geometry",
  "subTag": "Equations of Lines",
  "situation": "Compute the acute angle between the lines whose slopes are m<sub>1</sub>=1/3 and m<sub>2</sub>=2.",
  "resources": {
    "youtube": "https://www.youtube.com/@engrclidez",
    "facebook": "https://www.facebook.com/profile.php?id=61553684431570",
    "website": "https://ceboardexamgenerator.com"
  },
  "subquestions": [
    {
      "question": "Answer:",
      "choices": [
        "45º",
        "54.162º",
        "60º",
        "22.456º"
      ],
      "correctAnswer": "45º"
    }
  ]
}