{
  "id": "q401",
  "mainTag": "MSTE - Analytic Geometry",
  "subTag": "Equations of Lines",
  "situation": "What is the acute angle formed between the lines 4x-y+3=0 and 2x-5y-1=0?",
  "resources": {
    "youtube": "https://www.youtube.com/@engrclidez",
    "facebook": "https://www.facebook.com/profile.php?id=61553684431570",
    "website": "https://ceboardexamgenerator.com"
  },
  "subquestions": [
    {
      "question": "Answer:",
      "choices": [
        "54.162º",
        "45º",
        "60º",
        "22.456º"
      ],
      "correctAnswer": "54.162º"
    }
  ]
}