{
  "id": "q405",
  "mainTag": "MSTE - Analytic Geometry",
  "subTag": "Equations of Lines",
  "situation": "Find the shortest distance between the points A(-2,3) and B (6,8).",
  "resources": {
    "youtube": "https://www.youtube.com/@engrclidez",
    "facebook": "https://www.facebook.com/profile.php?id=61553684431570",
    "website": "https://ceboardexamgenerator.com"
  },
  "subquestions": [
    {
      "question": "Answer:",
      "choices": [
        "1.94",
        "2.52",
        "3.44",
        "2.94"
      ],
      "correctAnswer": "1.94"
    }
  ]
}