{
  "id": "q406",
  "mainTag": "MSTE - Analytic Geometry",
  "subTag": "Equations of Lines",
  "situation": "What is the distance between the lines: 5x-2y+3=0 and 5x-2y+7=0?",
  "resources": {
    "youtube": "https://www.youtube.com/@engrclidez",
    "facebook": "https://www.facebook.com/profile.php?id=61553684431570",
    "website": "https://ceboardexamgenerator.com"
  },
  "subquestions": [
    {
      "question": "Answer:",
      "choices": [
        "0.743",
        "1.346",
        "0.190",
        "5.385"
      ],
      "correctAnswer": "0.743"
    }
  ]
}