{
  "id": "q408",
  "mainTag": "MSTE - Analytic Geometry",
  "subTag": "Conic Sections",
  "situation": "What is the radius of the curve x<sup>2</sup>+y<sup>2</sup>-6x-8y-11=0?",
  "resources": {
    "youtube": "https://www.youtube.com/@engrclidez",
    "facebook": "https://www.facebook.com/profile.php?id=61553684431570",
    "website": "https://ceboardexamgenerator.com"
  },
  "subquestions": [
    {
      "question": "Answer:",
      "choices": [
        "6",
        "11",
        "1",
        "3"
      ],
      "correctAnswer": "6"
    }
  ]
}