{
  "id": "q412",
  "mainTag": "MSTE - Analytic Geometry",
  "subTag": "Equations of Lines",
  "situation": "What is the equation of the line with slope equal to 3 and y-intercept of 5?",
  "resources": {
    "youtube": "https://www.youtube.com/@engrclidez",
    "facebook": "https://www.facebook.com/profile.php?id=61553684431570",
    "website": "https://ceboardexamgenerator.com"
  },
  "subquestions": [
    {
      "question": "Answer:",
      "choices": [
        "y=3x+5",
        "y=5x+3",
        "y=5x-3",
        "y=-3x+5"
      ],
      "correctAnswer": "y=3x+5"
    }
  ]
}