{
  "id": "q415",
  "mainTag": "MSTE - Analytic Geometry",
  "subTag": "Conic Sections",
  "situation": "How far is the center of the circle x<sup>2</sup>+y<sup>2</sup>-6x-8y-11=0 from the y-axis?",
  "resources": {
    "youtube": "https://www.youtube.com/@engrclidez",
    "facebook": "https://www.facebook.com/profile.php?id=61553684431570",
    "website": "https://ceboardexamgenerator.com"
  },
  "subquestions": [
    {
      "question": "Answer:",
      "choices": [
        "3",
        "4",
        "6",
        "2"
      ],
      "correctAnswer": "3"
    }
  ]
}