{
  "id": "q418",
  "mainTag": "MSTE - Analytic Geometry",
  "subTag": "Conic Sections",
  "situation": "A parabola has an equation of x<sup>2</sup>-4y-2x+8=0. Find the length of the latus rectum.",
  "resources": {
    "youtube": "https://www.youtube.com/@engrclidez",
    "facebook": "https://www.facebook.com/profile.php?id=61553684431570",
    "website": "https://ceboardexamgenerator.com"
  },
  "subquestions": [
    {
      "question": "Answer:",
      "choices": [
        "4",
        "1",
        "16",
        "8"
      ],
      "correctAnswer": "4"
    }
  ]
}