{
  "id": "q162",
  "mainTag": "MSTE - Engineering Economy",
  "subTag": "Annuity",
  "situation": "CE Board May 2017<br>A man has deposited P50,000 in a retirement income plan with a local bank. The bank pays 9% per year, compounded annually on such deposits. What is the maximum amount that the man can withdraw at the end of each year and still have fund, which lasts for 12 years? Present Worth Factor: (P/A, 9%, 12)<br>Sinking Fund Factor: (A/F, 9%, 12) = 0.0497<br>Capital Recovery Factor: (A/P, 9%, 12) = 0.13965<br>Gradient Uniform Series: (A/G, 9%, 12) = 4.491\n",
  "subquestions": [
    {
      "question": "Answer:",
      "choices": [
        "6982.50",
        "6892.50",
        "6829.50",
        "6289.50"
      ],
      "correctAnswer": "6982.50"
    }
  ]
}