{
  "id": "q164",
  "mainTag": "MSTE - Engineering Economy",
  "subTag": "Annuity",
  "situation": "More Tech Drilling may buy a patent with 14 years of life left. If More Tech spends $1.5M to implement \nthe technology, it expects net revenues of $650,000 per year for the patent’s life. If More Tech’s discount \nrate of money’s time value is 10%, what is the max. price the More Tech can pay for the patent?",
  "subquestions": [
    {
      "question": "Answer:",
      "choices": [
        "3.28M",
        "3.82M",
        "4.73M",
        "4.37M"
      ],
      "correctAnswer": "3.28M"
    }
  ]
}