{
  "id": "q166",
  "mainTag": "MSTE - Engineering Economy",
  "subTag": "Annuity",
  "situation": "A new corporate bond is being offered in the market for $930. The bond has a face Value of P1,000 and \r\nmatures in 10 years. The issuing corporation promises to pay $70 in interest every year. What is the \r\ncompany’s cost of the capital raised through this bond issue if the stock broker’s fee is $15 per bond sold?",
  "subquestions": [
    {
      "question": "Answer:",
      "choices": [
        "8.29%",
        "8.47%",
        "7.35%",
        "7.53%"
      ],
      "correctAnswer": "8.29%"
    }
  ]
}