{
  "id": "q172",
  "mainTag": "MSTE - Engineering Economy",
  "subTag": "Annuity",
  "situation": "Mr. Smith is planning his retirement. He has decided that he needs to withdraw P12,000 per year from his \nbank account to supplement his other income from Social Security and a private Pension Plan. How much \nmoney should he plan to have in the bank at the start of his retirement if the bank pays 10% per year, \ncompounded annually and if he wants his money to last for a 12-year retirement period?",
  "subquestions": [
    {
      "question": "Answer:",
      "choices": [
        "81766.15",
        "81667.15",
        "81676.15",
        "81567.15"
      ],
      "correctAnswer": "81766.15"
    }
  ]
}