{
  "id": "q178",
  "mainTag": "MSTE - Engineering Economy",
  "subTag": "Deferred Annuity",
  "situation": "CE Board May 2016<br>A father wants to set aside money for is 5-year old son’s future college education. Money can be deposited \r\nin a bank account that pays 8% per year, compounded annually. What equal deposits should be made by \r\nthe father, on his son’s 6th through 17th birthdays, in order to provide P5,000 on the son’s 18th, 19th, \r\n20th and 21st birthdays?",
  "subquestions": [
    {
      "question": "Answer:",
      "choices": [
        "P872.67",
        "P867.72",
        "P876.27",
        "P877.62"
      ],
      "correctAnswer": "P872.67"
    }
  ]
}