{
  "id": "q190",
  "mainTag": "MSTE - Engineering Economy",
  "subTag": "Equivalent Uniform Annual Cost",
  "situation": "CE Board May 2019<br>A printing machine costs P400,000 to purchase with a life of 10 years with no salvage value. \r\nIf the rate of interest is 10% per annum, compounded annually, compute the equivalent \r\nuniform annual cost of the machine if it will cost P100,000 per year to operate?",
  "subquestions": [
    {
      "question": "Answer:",
      "choices": [
        "165098.16",
        "165089.16",
        "156089.61",
        "156098.61"
      ],
      "correctAnswer": "165098.16"
    }
  ]
}