{
  "id": "q196",
  "mainTag": "MSTE - Engineering Economy",
  "subTag": "Equivalent Uniform Annual Cost",
  "situation": "Davao Central Power & Light has just purchased a generating unit that comes with a 2-year warranty. Once the warranty expires, repair costs are expected to average $3500 per year. Find the EAC for the repair costs over the 15-year life of the generating unit. The interest rate is 7%.",
  "subquestions": [
    {
      "question": "Answer:",
      "choices": [
        "2805",
        "2508",
        "2580",
        "2850"
      ],
      "correctAnswer": "2805"
    }
  ]
}