{
  "id": "q200",
  "mainTag": "MSTE - Engineering Economy",
  "subTag": "Present Worth and Net Present and Benefit Value",
  "situation": "A public works project is proposed that the total present-worth benefits of P75 M and total present worth cost of P55 M. In deliberating this proposal, some members of the town council have suggested that the project has a total present-worth disbenefit of P15 M, other members feel the\nP15 M should be treated as a cost.\n",
  "subquestions": [
    {
      "question": "Determine the benefit cost ratio if the P15 M is treated as a disbenefit.",
      "choices": [
        "1.09",
        "1.23",
        "1.32",
        "1.90"
      ],
      "correctAnswer": "1.09"
    },
    {
      "question": "Determine the benefit cost ratio if the P15 M is treated as a cost.",
      "choices": [
        "1.07",
        "1.27",
        "1.23",
        "1.15"
      ],
      "correctAnswer": "1.07"
    },
    {
      "question": "Determine the net benefit value.",
      "choices": [
        "5",
        "6",
        "7",
        "4"
      ],
      "correctAnswer": "5"
    }
  ]
}