{
  "id": "q201",
  "mainTag": "MSTE - Engineering Economy",
  "subTag": "Present Worth and Net Present and Benefit Value",
  "situation": "A contractor operates Smallville’s recycling center. Part of the incineration equipment is not working up to the original specifications, and the question is how much (if any) of a fix should be made now. That part of the facility is scheduled for a complete rebuild in 4 years. The quick-fix (A) approach works pretty well for the first year, saving P4000, but each year, the savings fall by P1000. Quick-fix (A) approach costs P7000.\nThe quality-fix (B) approach solves the problem for 4 years, with a savings of P4300 per year. Quality-fix\n(B) approach costs P12,000.<br>\nSmallville uses an interest rate of 10%. Which approach is better and by how much?<br>\n\nGradient series factor: (A/G, 10%, 4) = 1.3812<br>\n\nUniform series capital recovery factor: (A/P, 10%, 4) = 0.31547 Uniform series compound amount factor: (F/A, 10%, 4) = 4.6410\n",
  "subquestions": [
    {
      "question": "Answer:",
      "choices": [
        "Quality-fix B with savings of 1630.46",
        "Quality-fix A with savings of 1630.46",
        "Quality-fix B with savings of 1301.26",
        "Quality-fix A with savings of 1301.26"
      ],
      "correctAnswer": "Quality-fix B with savings of 1630.46"
    }
  ]
}