{
  "id": "q202",
  "mainTag": "MSTE - Engineering Economy",
  "subTag": "Rate of Return",
  "situation": "CE Board May 2019<br>A proposed manufacturing plant will require a fixed capital investment of P8 M and an estimated working capital of P1.5 M. The annual profit is P2 M and the annual depreciation is to be 8% of the fixed capital investment. Compute the rate of return of the total investment.",
  "subquestions": [
    {
      "question": "Answer:",
      "choices": [
        "14.32%",
        "13.42%",
        "12.43%",
        "12.34%"
      ],
      "correctAnswer": "14.32%"
    }
  ]
}