{
  "id": "q203",
  "mainTag": "MSTE - Engineering Economy",
  "subTag": "Rate of Return",
  "situation": "CE Board November 2017<br>A fixed capital investment of P10 M is required for a proposed manufacturing plant and an estimated working capital of P2,000,000. Annual depreciation is 10% of the fixed capital investment. If the annual profit is P2,500, what is the rate of return?",
  "subquestions": [
    {
      "question": "Answer:",
      "choices": [
        "20.83%",
        "23.82%",
        "21.67%",
        "19.84%"
      ],
      "correctAnswer": "20.83%"
    }
  ]
}