{
  "id": "q209",
  "mainTag": "MSTE - Engineering Economy",
  "subTag": "Benefit Cost Ratio",
  "situation": "CE Board May 2016<br>A small entrepreneur invested a capital of P80,000 for a buy and sell business. He estimated to have a gross income of P25,000 annually and on operating cost of P6,000 annually. It is assumed the business to have a life over 10 years. If the rate of interest is 12%, compute the benefit cost ratio.",
  "subquestions": [
    {
      "question": "Answer:",
      "choices": [
        "1.34",
        "1.43",
        "1.32",
        "1.23"
      ],
      "correctAnswer": "1.34"
    }
  ]
}