{
  "id": "q211",
  "mainTag": "MSTE - Engineering Economy",
  "subTag": "Capital Recovery",
  "situation": "CE Board November 2016<br>A machine which costs P100,000 when new has a lifetime of 15 years and a salvage value equal to 20% of its original cost. Determine the capital recovery for this machine if the interest rate is 10% per year, compounded annually.",
  "subquestions": [
    {
      "question": "Answer:",
      "choices": [
        "12517.9",
        "12715.9",
        "12175.9",
        "12571.9"
      ],
      "correctAnswer": "12517.9"
    }
  ]
}