{
  "id": "q217",
  "mainTag": "MSTE - Engineering Economy",
  "subTag": "Payout Period",
  "situation": "A proposed manufacturing plant will require a fixed capital investment of P8 M and an estimated working capital of P1.5 M. The annual profit is P2 M and the annual depreciation is to be 8% of the fixed capital investment. Compute the payout period.",
  "subquestions": [
    {
      "question": "Answer:",
      "choices": [
        "3.03 years",
        "3.24 years",
        "3.78 years",
        "2.93 years"
      ],
      "correctAnswer": "3.03 years"
    }
  ]
}