{
  "id": "q218",
  "mainTag": "MSTE - Engineering Economy",
  "subTag": "Capitalized Cost",
  "situation": "CE Board November 1999<br>The first cost of a certain equipment is P324,000 and a salvage value of P50,000 at the end of its life of 4 years. Find the capitalized cost if money is worth 6% compounded annually.",
  "subquestions": [
    {
      "question": "Answer:",
      "choices": [
        "1,367,901.15",
        "1,376,901.15",
        "1,396,710.15",
        "1,369,710.15"
      ],
      "correctAnswer": "1,367,901.15"
    }
  ]
}