{
  "id": "q221",
  "mainTag": "MSTE - Engineering Economy",
  "subTag": "Capitalized Cost",
  "situation": "CE Board May 2019<br>The first cost of an electric rebar bender is P324,000 and a salvage value of P50,000 at the end of its life for 4 years. Money is worth 6% annually. If there is no salvage value and the annual maintenance cost is P18,000, find the capitalized cost of perpetual service.",
  "subquestions": [
    {
      "question": "Answer:",
      "choices": [
        "624000",
        "642000",
        "637000",
        "673000"
      ],
      "correctAnswer": "624000"
    }
  ]
}