{
  "id": "q226",
  "mainTag": "MSTE - Engineering Economy",
  "subTag": "Replacement Analysis",
  "situation": "A plant is considering buying a second-hand machine to use as standby equipment. The machine costs\n3000 dollars and has an economic life of 10 years, at which time its salvage value is 600 dollars; expected annual operating cost is 100 dollars. Without a stand-by machine, the plant woud have to shut down an average of seven days a year at a cost of 50 dollars per day. If the MARR is 10% is it expedient to buy the stand-by machine?\n",
  "subquestions": [
    {
      "question": "Answer:",
      "choices": [
        "No, because 550.59>350",
        "Yes, because 550.59>350",
        "Yes, because 350>243.56",
        "No, because 350>243.56"
      ],
      "correctAnswer": "No, because 550.59>350"
    }
  ]
}