{
  "id": "q233",
  "mainTag": "MSTE - Engineering Economy",
  "subTag": "Depreciation",
  "situation": "A truck loader has an initial cost of 50,000 dollars and a salvage value of 5000 dollars. Its expected life is 5 years. Find the book value at the end of the third year. Use the Modified Accelerated Cost Recovery System (MACRS) method.\n",
  "subquestions": [
    {
      "question": "Answer:",
      "choices": [
        "14400",
        "35600",
        "10000",
        "9600"
      ],
      "correctAnswer": "14400"
    }
  ]
}