{
  "id": "q235",
  "mainTag": "MSTE - Engineering Economy",
  "subTag": "Depreciation",
  "situation": "A machine costs P200,000 with a salvage value of P15,000 at the end of its life of 8 years. Determine the\nbook value of the machine at the end of 6 years using Sinking Fund Method if money is worth 6%.\n",
  "subquestions": [
    {
      "question": "Answer:",
      "choices": [
        "69619.86",
        "61916.86",
        "18691.64",
        "130380.14"
      ],
      "correctAnswer": "69619.86"
    }
  ]
}