{
  "id": "q248",
  "mainTag": "MSTE - Geometry & Trigonometry",
  "subTag": "Worded Problems",
  "situation": "A commercial fishing boat uses sonar equipment to detect a school of fish 2 miles east of the boat and traveling in the direction of N 51˚ W at a rate of 8 mi/hr.",
  "subquestions": [
    {
      "question": "If the boat travels at 20 mi/hr, approximate to the nearest 0.1˚ direction it should head to intercept the school of fish.",
      "choices": [
        "N75.4ºE",
        "N74.5ºE",
        "N72.36ºE",
        "N72.63ºE"
      ],
      "correctAnswer": "N75.4ºE"
    },
    {
      "question": "Find to the nearest minute the time will it take the boat to reach the fish",
      "choices": [
        "5 minutes",
        "3 minutes",
        "4 minutes",
        "3.5 minutes"
      ],
      "correctAnswer": "5 minutes"
    }
  ]
}