{
  "id": "q289",
  "mainTag": "PSAD - Mechanics of Deformable Bodies",
  "subTag": "Shear Stress",
  "situation": "When solving the minimum safe diameter of the cross-section given various stress conditions, the following \r\nvalues have been computed: 12.4mm, 13.6mm, 14.2mm, and 15.3mm. What should you use as the minimum safe \r\ndiameter?\r\n",
  "subquestions": [
    {
      "question": "Answer:",
      "choices": [
        "16mm",
        "15mm",
        "12mm",
        "14mm"
      ],
      "correctAnswer": "16mm"
    }
  ]
}