{
  "id": "q294",
  "mainTag": "PSAD - Mechanics of Deformable Bodies",
  "subTag": "Simple Stresses",
  "situation": "In punching shear, the area to consider in the calculation of the shear stress is the _______________ of the cross-section multiplied by the thickness of the material that is punched out. ",
  "subquestions": [
    {
      "question": "Answer:",
      "choices": [
        "perimeter",
        "radius",
        "diameter",
        "area"
      ],
      "correctAnswer": "perimeter"
    }
  ]
}